{"entities":{"pages":{"starter":{"id":"starter","title":"Guardian DeFi","url":"starter.html","level":0,"tabIndex":0},"Stake":{"id":"Stake","title":"Stake","url":"stake.html","level":0,"tabIndex":1},"Unstake":{"id":"Unstake","title":"Unstake","url":"unstake.html","level":0,"tabIndex":2},"Withdraw":{"id":"Withdraw","title":"Withdraw","url":"withdraw.html","level":0,"tabIndex":3},"gvara":{"id":"gvara","title":"gVARA","url":"gvara.html","level":0,"tabIndex":4}}},"topLevelIds":["starter","Stake","Unstake","Withdraw","gvara"]}